Player,Season,Position,GP,TOI
A.J. Greer,20-21,L,1,8.55
Aaron Ekblad,20-21,D,35,878.18
Aaron Ness,20-21,D,1,12.83
Adam Boqvist,20-21,D,35,594.65
Adam Brooks,20-21,C,11,117.45
Adam Erne,20-21,L,45,626.45
Adam Fox,20-21,D,55,1358.85
Adam Gaudette,20-21,C,40,444.85
Adam Henrique,20-21,C,45,721.8
Adam Larsson,20-21,D,56,1100.25
Adam Lowry,20-21,L,52,807.35
Adam Pelech,20-21,D,56,1178.6
Adam Ruzicka,20-21,C,3,32.25
Adrian Kempe,20-21,L,56,948.22
Alec Martinez,20-21,D,53,1195.98
Alec Regula,20-21,D,3,37.13
Aleksander Barkov,20-21,C,50,1046.87
Aleksi Heponiemi,20-21,C,9,110.13
Alex Barabanov,20-21,L,22,270.87
Alex Barre-Boulet,20-21,C,15,228.78
Alex Belzile,20-21,R,2,21.28
Alex Biega,20-21,D,13,138.6
Alex Carrier,20-21,D,19,380.9
Alex Chiasson,20-21,R,45,561.78
Alex Chmelevski,20-21,C,5,48.77
Alex Debrincat,20-21,R,52,1067.07
Alex Edler,20-21,D,52,1087.13
Alex Formenton,20-21,L,20,239.88
Alex Galchenyuk,20-21,C,34,432.02
Alex Goligoski,20-21,D,56,1288.37
Alex Iafallo,20-21,L,55,1093.8
Alex Kerfoot,20-21,C,56,808.88
Alex Killorn,20-21,C,56,1001.6
Alex Newhook,20-21,C,6,82.07
Alex Ovechkin,20-21,L,45,877.58
Alex Pietrangelo,20-21,D,41,1001.73
Alex Radulov,20-21,R,11,195.68
Alex Romanov,20-21,D,54,931.83
Alex Texier,20-21,C,49,776.13
Alex True,20-21,C,7,69.93
Alex Tuch,20-21,R,55,925.45
Alex Volkov,20-21,R,37,431
Alex Wennberg,20-21,C,56,1017.35
Alexis Lafrenière,20-21,L,56,777.42
Anders Bjork,20-21,L,45,624.68
Anders Lee,20-21,C,27,473.2
Andre Burakovsky,20-21,L,53,799.88
Andreas Athanasiou,20-21,C,47,702.62
Andreas Borgman,20-21,D,7,83.72
Andreas Johnsson,20-21,L,50,696.7
Andrei Svechnikov,20-21,R,55,964.65
Andrej Sekera,20-21,D,46,719.43
Andrew Agozzino,20-21,L,3,36.53
Andrew Cogliano,20-21,C,54,752.02
Andrew Copp,20-21,C,55,1003.77
Andrew Mangiapane,20-21,L,56,933.42
Andrew Peeke,20-21,D,11,188.68
Andrew Shaw,20-21,C,14,211.55
Andy Andreoff,20-21,C,6,51.65
Andy Greene,20-21,D,55,966.78
Andy Welinski,20-21,D,13,195.33
Anthony Angello,20-21,C,19,151.68
Anthony Beauvillier,20-21,L,47,770.85
Anthony Bitetto,20-21,D,14,202.17
Anthony Cirelli,20-21,C,50,887.35
Anthony Duclair,20-21,L,43,674.43
Anthony Mantha,20-21,R,56,1014.93
Antoine Roussel,20-21,L,35,402.7
Anton Blidh,20-21,L,10,107.73
Anton Stralman,20-21,D,38,720.08
Antti Suomela,20-21,C,4,44.48
Anze Kopitar,20-21,C,56,1186.23
Artem Anisimov,20-21,C,19,228.48
Artem Zub,20-21,D,47,863.97
Artemi Panarin,20-21,C,42,825
Arthur Kaliyev,20-21,R,1,14.7
Arttu Ruotsalainen,20-21,C,17,237.68
Artturi Lehkonen,20-21,L,47,630.92
Austin Czarnik,20-21,C,4,49.97
Austin Poganski,20-21,R,5,37.82
Austin Strand,20-21,D,13,180.05
Austin Wagner,20-21,L,44,462.03
Austin Watson,20-21,L,34,408.08
Auston Matthews,20-21,C,52,1120.77
Barclay Goodrow,20-21,C,55,831.63
Barrett Hayton,20-21,C,14,160.85
Ben Chiarot,20-21,D,41,893.28
Ben Harpur,20-21,D,34,558.65
Ben Hutton,20-21,D,38,701.44
Ben Thomas,20-21,D,5,71.18
Blake Coleman,20-21,C,55,850.58
Blake Comeau,20-21,L,51,802.75
Blake Lizotte,20-21,C,41,520.95
Blake Wheeler,20-21,R,50,917.03
Bo Horvat,20-21,C,56,1113.82
Bobby Ryan,20-21,R,33,505.72
Boone Jenner,20-21,C,41,737.97
Bowen Byram,20-21,D,19,332.72
Brad Hunt,20-21,D,12,148
Brad Marchand,20-21,C,53,1002.25
Brad Richardson,20-21,R,17,208.48
Brady Keeper,20-21,D,1,9.47
Brady Skjei,20-21,D,52,1078.08
Brady Tkachuk,20-21,L,56,1020.87
Brandon Carlo,20-21,D,27,505.15
Brandon Davidson,20-21,D,6,92.02
Brandon Hagel,20-21,L,52,727.42
Brandon Montour,20-21,D,50,1024.3
Brandon Pirri,20-21,C,1,11.48
Brandon Saad,20-21,L,44,619.5
Brandon Sutter,20-21,C,43,648.35
Brandon Tanev,20-21,L,32,461.93
Brayden McNabb,20-21,D,41,791.25
Brayden Point,20-21,C,56,1032.42
Brayden Schenn,20-21,C,56,1072.03
Braydon Coburn,20-21,D,19,304.85
Brendan Gallagher,20-21,R,35,525.33
Brendan Lemieux,20-21,L,49,496.49
Brendan Smith,20-21,D,48,788.83
Brenden Dillon,20-21,D,56,1060.83
Brent Burns,20-21,D,56,1463.33
Brett Connolly,20-21,R,31,376.48
Brett Howden,20-21,C,42,527.5
Brett Kulak,20-21,D,46,740.95
Brett Murray,20-21,L,2,21.25
Brett Pesce,20-21,D,55,1253.57
Brett Ritchie,20-21,R,32,363.93
Brian Dumoulin,20-21,D,41,916.53
Brian Pinho,20-21,C,2,15.62
Brinson Pasichnuk,20-21,D,4,46.43
Brock Boeser,20-21,R,56,1081.9
Brock McGinn,20-21,L,37,554.47
Brock Nelson,20-21,C,56,998.58
Brogan Rafferty,20-21,D,1,13.97
Bryan Rust,20-21,R,56,1104.55
Buddy Robinson,20-21,R,9,64.23
Byron Froese,20-21,C,6,49.75
C.J. Smith,20-21,L,1,7.95
Cal Clutterbuck,20-21,R,50,671.82
Cal Foote,20-21,D,35,451.12
Cale Makar,20-21,D,44,1069.57
Caleb Jones,20-21,D,33,449.03
Calen Addison,20-21,D,3,55.55
Calle Jarnkrok,20-21,C,49,823.13
Calvin De Haan,20-21,D,44,819.15
Cam Atkinson,20-21,R,56,1060.3
Cam Fowler,20-21,D,56,1218.58
Cam York,20-21,D,3,59.35
Cameron Hughes,20-21,C,1,16.08
Carl Grundstrom,20-21,R,47,586.32
Carl Gunnarsson,20-21,D,12,173.12
Carl Hagelin,20-21,L,56,789.65
Carl Soderberg,20-21,C,45,647
Carsen Twarynski,20-21,L,7,61.98
Carson Soucy,20-21,D,50,764.27
Carter Rowney,20-21,R,19,271.37
Carter Verhaeghe,20-21,C,43,762.53
Casey Cizikas,20-21,C,56,774.73
Casey Mittelstadt,20-21,C,41,651.17
Cedric Paquette,20-21,C,47,439.28
Chad Ruhwedel,20-21,D,17,249.78
Chandler Stephenson,20-21,C,51,922.93
Charlie Coyle,20-21,C,51,830.75
Charlie McAvoy,20-21,D,51,1223.78
Chase De Leo,20-21,C,1,13.43
Chris Kreider,20-21,C,50,869.87
Chris Tanev,20-21,D,56,1216.93
Chris Tierney,20-21,C,55,824.45
Chris Wagner,20-21,R,41,479.17
Christian Djoos,20-21,D,36,543.05
Christian Dvorak,20-21,L,56,1030.78
Christian Fischer,20-21,R,52,662.97
Christian Jaros,20-21,D,7,78.3
Christian Wolanin,20-21,D,18,238.85
Clark Bishop,20-21,C,13,123.13
Claude Giroux,20-21,R,54,977.7
Clayton Keller,20-21,C,56,932.87
Cody Ceci,20-21,D,53,981.47
Cody Eakin,20-21,C,46,594.97
Cody Glass,20-21,C,27,392.58
Cole Caufield,20-21,R,10,139.6
Cole Smith,20-21,L,1,5.95
Colin Blackwell,20-21,C,47,658.3
Colin Miller,20-21,D,48,864
Colin White2,20-21,C,45,661.1
Colton Parayko,20-21,D,32,682.6
Colton Sceviour,20-21,C,46,440.65
Colton Sissons,20-21,C,54,775.02
Colton White,20-21,D,2,28.53
Connor Brown,20-21,R,56,1021.57
Connor Bunnaman,20-21,C,18,208.13
Connor Carrick,20-21,D,11,205.37
Connor Clifton,20-21,D,44,801.53
Connor MacKey,20-21,D,6,84.97
Connor McDavid,20-21,C,56,1240.6
Connor McMichael,20-21,C,1,9.9
Connor Murphy,20-21,D,50,1107.27
Conor Garland,20-21,R,49,878.12
Conor Sheary,20-21,L,53,726.63
Conor Timmins,20-21,D,31,420.15
Corey Perry,20-21,R,49,673.22
Craig Smith,20-21,C,54,803.25
Curtis Lazar,20-21,C,50,666.19
Dakota Joshua,20-21,C,12,107.62
Dakota Mermis,20-21,D,3,49.2
Damon Severson,20-21,D,56,1259.13
Dan Renouf,20-21,D,18,182.95
Daniel Carr,20-21,L,6,61.37
Daniel Sprong,20-21,R,42,490.08
Daniel Walcott,20-21,L,1,10.05
Danny Dekeyser,20-21,D,47,850.68
Dante Fabbro,20-21,D,40,772.6
Danton Heinen,20-21,L,43,634.87
Darnell Nurse,20-21,D,56,1435
Darren Helm,20-21,C,47,689.85
David Backes,20-21,R,15,191.02
David Farrance,20-21,D,2,36.25
David Gustafsson,20-21,C,4,23.27
David Kampf,20-21,C,56,821.35
David Kase,20-21,R,1,10.97
David Krejci,20-21,C,51,873.87
David Pastrnak,20-21,R,48,893.48
David Perron,20-21,L,56,1038.75
David Savard,20-21,D,54,1071.68
Dean Kukan,20-21,D,35,496.62
Denis Gurianov,20-21,R,55,871.8
Dennis Cholowski,20-21,D,16,254.35
Dennis Gilbert,20-21,D,3,20.15
Derek Forbort,20-21,D,56,1161.57
Derek Grant,20-21,C,46,669.97
Derek Ryan,20-21,C,43,511.3
Derek Stepan,20-21,C,20,301.28
Derick Brassard,20-21,C,53,784.17
Devin Shore,20-21,C,38,415.03
Devon Toews,20-21,D,53,1312.32
Dillon Dube,20-21,C,51,695.52
Dmitry Kulikov,20-21,D,48,920.05
Dmitry Orlov,20-21,D,51,1010.5
Dmytro Timashov,20-21,L,1,7.22
Dominic Toninato,20-21,C,2,25.32
Dominik Kahun,20-21,C,48,615.37
Dominik Kubalik,20-21,L,56,868.95
Dominik Simon,20-21,C,11,105.65
Dougie Hamilton,20-21,D,55,1249.72
Drake Batherson,20-21,C,56,922.53
Drake Caggiula,20-21,C,38,471.3
Drake Rymsha,20-21,C,1,13.27
Drew Doughty,20-21,D,56,1477.33
Drew O'Connor,20-21,L,10,89.53
Drew Shore,20-21,C,4,33.97
Dryden Hunt,20-21,L,26,311.28
Duncan Keith,20-21,D,54,1264.12
Dustin Brown,20-21,L,49,863.43
Dylan Coghlan,20-21,D,29,391.15
Dylan Cozens,20-21,C,41,588.6
Dylan Demelo,20-21,D,52,882.48
Dylan Gambrell,20-21,C,49,785.4
Dylan Larkin,20-21,C,44,897.7
Dylan Sikura,20-21,C,6,61.47
Dylan Strome,20-21,C,40,620.53
Eeli Tolvanen,20-21,R,40,592.28
Eetu Luostarinen,20-21,C,44,578.02
Egor Zamula,20-21,D,2,34.13
Elias Lindholm,20-21,C,56,1114.1
Elias Pettersson,20-21,C,26,482.78
Emil Bemstrom,20-21,C,20,257.12
Eric Robinson,20-21,L,56,694.07
Eric Staal,20-21,C,53,780.18
Erik Brannstrom,20-21,D,30,490.73
Erik Cernak,20-21,D,46,910.08
Erik Gudbranson,20-21,D,45,805.88
Erik Gustafsson2,20-21,D,29,484.67
Erik Haula,20-21,L,51,816.15
Erik Johnson,20-21,D,4,53.7
Erik Karlsson,20-21,D,52,1226.82
Esa Lindell,20-21,D,56,1298.12
Ethan Bear,20-21,D,43,772.35
Evan Bouchard,20-21,D,14,207.68
Evan Rodrigues,20-21,C,35,493.67
Evander Kane,20-21,L,56,1131.03
Evgeni Malkin,20-21,C,33,585.45
Evgeny Dadonov,20-21,R,55,856.83
Evgeny Kuznetsov,20-21,C,41,679.45
Evgeny Svechnikov,20-21,L,21,248.18
Filip Chlapik,20-21,C,1,7.18
Filip Chytil,20-21,C,42,555.45
Filip Forsberg,20-21,L,39,713.37
Filip Hronek,20-21,D,56,1309.62
Filip Zadina,20-21,R,49,823.48
Frank Vatrano,20-21,C,56,812.92
Frans Nielsen,20-21,C,29,351.92
Frederic Allard,20-21,D,1,16.98
Frederick Gaudreau,20-21,C,19,248.22
Frederik Gauthier,20-21,C,2,13.48
Fredrik Claesson,20-21,D,6,74.31
Fredrik Handemark,20-21,C,8,75.63
Gabriel Carlsson,20-21,D,14,206.98
Gabriel Landeskog,20-21,L,54,1077.68
Gabriel Vilardi,20-21,C,54,796.58
Gaetan Haas,20-21,C,34,385.88
Garnet Hathaway,20-21,R,56,689.92
Garrett Pilon,20-21,C,1,10.67
Gavin Bayreuther,20-21,D,9,138.48
Gemel Smith,20-21,C,5,50.22
Gerald Mayhew,20-21,C,4,46.97
Givani Smith,20-21,R,16,169.42
Glenn Gawdin,20-21,C,7,48.47
Greg McKegg,20-21,C,5,47.87
Greg Pateryn,20-21,D,13,183.79
Grigori Denisenko,20-21,L,7,83.58
Guillaume Brisebois,20-21,D,1,11.52
Gustav Forsling,20-21,D,43,857.55
Gustav Lindstrom,20-21,D,13,209.53
Hampus Lindholm,20-21,D,18,396.53
Haydn Fleury,20-21,D,47,723.68
Henri Jokiharju,20-21,D,46,845.5
Hudson Fasching,20-21,R,5,47.32
Ian Cole,20-21,D,54,857.45
Ian Mitchell,20-21,D,39,586.08
Ilya Lyubushkin,20-21,D,42,659.05
Ilya Mikheyev,20-21,R,54,767.32
Isac Lundestrom,20-21,C,41,624.95
Ivan Barbashev,20-21,C,38,507.42
Ivan Chekhovich,20-21,L,4,41.95
Ivan Provorov,20-21,D,56,1399.92
J.T. Compher,20-21,L,48,682.43
J.T. Miller,20-21,C,53,1111.17
Jaccob Slavin,20-21,D,52,1195.08
Jack Ahcan,20-21,D,3,61.92
Jack Eichel,20-21,C,21,430.45
Jack Hughes,20-21,C,56,1067.53
Jack Johnson,20-21,D,13,220.57
Jack Rathbone,20-21,D,8,124.05
Jack Roslovic,20-21,C,48,811.32
Jack Studnicka,20-21,C,20,255
Jackson Cates,20-21,C,4,42.4
Jacob Bernard-Docker,20-21,D,5,68.3
Jacob Bryson,20-21,D,38,723.73
Jacob De La Rose,20-21,L,13,132.58
Jacob Larsson,20-21,D,46,799.98
Jacob MacDonald,20-21,D,33,493.37
Jacob Middleton,20-21,D,1,8.73
Jacob Trouba,20-21,D,38,816.67
Jaden Schwartz,20-21,C,40,708.13
Jake Bean,20-21,D,42,610.58
Jake Debrusk,20-21,L,41,610.65
Jake Evans,20-21,C,47,556.25
Jake Gardiner,20-21,D,26,417.23
Jake Guentzel,20-21,C,56,1134.97
Jake McCabe,20-21,D,13,249.37
Jake Muzzin,20-21,D,53,1143.85
Jake Virtanen,20-21,R,38,465.6
Jake Walman,20-21,D,24,347.1
Jakob Chychrun,20-21,D,56,1309.73
Jakob Silfverberg,20-21,R,47,796.35
Jakub Voracek,20-21,R,53,896.6
Jakub Vrana,20-21,L,50,750.35
Jakub Zboril,20-21,D,42,716.22
Jalen Chatfield,20-21,D,18,241.87
James Neal,20-21,L,29,351.02
James Van Riemsdyk,20-21,L,56,926.45
Jamie Benn,20-21,L,52,924.75
Jamie Drysdale,20-21,D,24,469.98
Jamie Oleksiak,20-21,D,56,1146.73
Jan Jenik,20-21,C,2,24.17
Jan Rutta,20-21,D,35,560.75
Jani Hakanpaa,20-21,D,57,1027.2
Janne Kuokkanen,20-21,C,50,738.72
Jansen Harkins,20-21,C,26,218.32
Jared McCann,20-21,C,43,606.9
Jared Spurgeon,20-21,D,54,1192.77
Jaret Anderson-Dolan,20-21,C,34,459.33
Jarred Tinordi,20-21,D,21,359.1
Jason Demers,20-21,D,41,706.77
Jason Dickinson,20-21,C,51,825.9
Jason Robertson,20-21,L,51,861.22
Jason Spezza,20-21,C,54,595.58
Jason Zucker,20-21,L,38,596.13
Jay Beagle,20-21,C,30,375.57
Jayce Hawryluk,20-21,C,30,289.22
Jayson Megna,20-21,C,7,71.77
Jean-Gabriel Pageau,20-21,C,54,906.67
Jean-Sebastien Dea,20-21,C,1,5.55
Jeff Carter,20-21,C,54,894.52
Jeff Petry,20-21,D,55,1250.57
Jeff Skinner,20-21,C,53,767.4
Jeffrey Viel,20-21,L,11,79.95
Jeremy Davies,20-21,D,16,240.65
Jeremy Lauzon,20-21,D,41,767.13
Jesper Boqvist,20-21,C,28,312.33
Jesper Bratt,20-21,L,46,739.5
Jesper Fast,20-21,R,46,703.65
Jesperi Kotkaniemi,20-21,C,56,828.62
Jesse Puljujarvi,20-21,R,55,832.05
Jesse Ylonen,20-21,R,1,11.38
Jimmy Vesey,20-21,L,50,635.42
Joachim Blichfeld,20-21,L,5,43.45
Joakim Nordstrom,20-21,C,44,508.47
Joakim Nygard,20-21,L,9,82.33
Joakim Ryan,20-21,D,4,43.4
Joe Pavelski,20-21,C,56,1065.23
Joe Thornton,20-21,C,44,603.68
Joe Veleno,20-21,C,5,75.52
Joel Armia,20-21,R,41,602.97
Joel Edmundson,20-21,D,55,1102.6
Joel Eriksson Ek,20-21,C,56,955.25
Joel Farabee,20-21,L,55,881
Joel Hanley,20-21,D,35,455.62
Joel Kellman,20-21,C,7,74.73
Joel Kiviranta,20-21,L,26,316.52
Joel L'Esperance,20-21,R,12,112.95
Joey Anderson,20-21,R,1,9.6
Joey Keane,20-21,D,1,19.57
Johan Larsson,20-21,L,52,726.92
John Carlson,20-21,D,52,1236.67
John Hayden,20-21,C,29,284.6
John Klingberg,20-21,D,53,1202.88
John Leonard,20-21,L,44,494.85
John Marino,20-21,D,52,1078.15
John Moore,20-21,D,5,104.93
John Tavares,20-21,C,56,1019.03
Johnny Gaudreau,20-21,L,56,1031.17
Jon Merrill,20-21,D,49,894.57
Jonah Gadjovich,20-21,L,1,4.92
Jonas Brodin,20-21,D,53,1189.02
Jonas Siegenthaler,20-21,D,15,234.25
Jonathan Drouin,20-21,L,44,707.95
Jonathan Huberdeau,20-21,C,55,1012.57
Jonathan Marchessault,20-21,C,55,958.3
Jonny Brodzinski,20-21,C,5,56.67
Joonas Donskoi,20-21,R,51,741.5
Jordan Eberle,20-21,C,55,921.7
Jordan Greenway,20-21,L,56,884.5
Jordan Gross,20-21,D,7,92.32
Jordan Kyrou,20-21,C,55,793.32
Jordan Martinook,20-21,L,44,561.3
Jordan Oesterle,20-21,D,43,769.75
Jordan Staal,20-21,C,53,979.73
Jordie Benn,20-21,D,39,575.45
Joseph Cramarossa,20-21,C,4,43.07
Josh Anderson,20-21,R,52,853.75
Josh Archibald,20-21,R,52,704.32
Josh Bailey,20-21,C,54,944.98
Josh Brown,20-21,D,26,367.67
Josh Currie,20-21,R,1,7.4
Josh Leivo,20-21,L,38,408.48
Josh Mahura,20-21,D,13,206.67
Josh Manson,20-21,D,23,413.58
Josh Morrissey,20-21,D,56,1318.72
Josh Norris,20-21,C,56,922.23
Joshua Dunne,20-21,C,6,62.32
Juho Lammikko,20-21,L,44,476.57
Jujhar Khaira,20-21,L,40,481.97
Julien Gauthier,20-21,R,30,289.28
Justin Bailey,20-21,R,3,20.4
Justin Braun,20-21,D,53,982.07
Justin Dowling,20-21,C,27,298.92
Justin Faulk,20-21,D,56,1358.53
Justin Holl,20-21,D,55,1158.47
Justin Richards,20-21,C,1,10.18
Justin Schultz,20-21,D,46,874.73
Juuso Riikola,20-21,D,2,22.85
Juuso Valimaki,20-21,D,49,756.15
K'Andre Miller,20-21,D,53,1118.82
Kaapo Kakko,20-21,R,48,688.35
Kailer Yamamoto,20-21,R,52,850.63
Kale Clague,20-21,D,18,308.87
Karson Kuhlman,20-21,C,20,212.97
Kasperi Kapanen,20-21,R,40,621.27
Keaton Middleton,20-21,D,3,27.92
Keegan Kolesar,20-21,R,44,420.03
Keith Yandle,20-21,D,56,965.53
Kenny Agostino,20-21,L,1,4.13
Kevan Miller,20-21,D,28,533.82
Kevin Bahl,20-21,D,7,118.42
Kevin Connauton,20-21,D,7,99.5
Kevin Czuczman,20-21,D,2,23.3
Kevin Fiala,20-21,L,50,844.98
Kevin Hayes,20-21,R,55,963.73
Kevin Labanc,20-21,R,55,903.25
Kevin Rooney,20-21,C,54,667
Kevin Shattenkirk,20-21,D,55,1166.27
Kevin Stenlund,20-21,C,32,400.93
Kiefer Sherwood,20-21,L,16,140.75
Kieffer Bellows,20-21,L,14,154.28
Kirby Dach,20-21,C,18,334.28
Kirill Kaprizov,20-21,L,55,1006.37
Klim Kostin,20-21,C,2,27.6
Kole Lind,20-21,R,7,92.05
Kole Sherwood,20-21,R,6,62.12
Kris Letang,20-21,D,55,1355.67
Kris Russell,20-21,D,35,643.72
Kristian Vesalainen,20-21,L,12,104.22
Kurtis Gabriel,20-21,R,11,84.33
Kurtis MacDermid,20-21,D,28,373.93
Kyle Burroughs,20-21,D,5,50.4
Kyle Capobianco,20-21,D,2,28.92
Kyle Clifford,20-21,L,50,496.58
Kyle Connor,20-21,L,56,1049.35
Kyle Okposo,20-21,R,35,485.85
Kyle Palmieri,20-21,C,51,845.25
Kyle Rau,20-21,C,14,133.82
Kyle Turris,20-21,C,27,332.62
Lane Pederson,20-21,C,15,166.15
Lars Eller,20-21,C,44,719.07
Lawson Crouse,20-21,L,51,729.15
Lean Bergmann,20-21,C,1,10.32
Leo Komarov,20-21,C,33,423.47
Leon Draisaitl,20-21,C,56,1242.55
Liam Foudy,20-21,C,24,302.23
Liam O'Brien,20-21,C,12,78.83
Lias Andersson,20-21,C,23,277.52
Libor Hajek,20-21,D,44,671.93
Logan Brown,20-21,C,1,9.67
Logan Couture,20-21,C,53,1020.83
Logan O'Connor,20-21,R,22,240.7
Logan Stanley,20-21,D,37,489.23
Loui Eriksson,20-21,L,7,67.05
Louie Belpedio,20-21,D,1,13.97
Luca Sbisa,20-21,D,1,11.97
Lucas Carlsson,20-21,D,12,156.73
Lucas Wallmark,20-21,C,20,227.7
Luke Glendening,20-21,C,54,799.43
Luke Johnson,20-21,C,14,141.45
Luke Kunin,20-21,C,38,531.67
Luke Schenn,20-21,D,38,408.77
Mackenzie Entwistle,20-21,R,5,49.08
Mackenzie MacEachern,20-21,L,21,203.73
MacKenzie Weegar,20-21,D,54,1194.27
Madison Bowey,20-21,D,2,22.28
Maksim Sushko,20-21,R,2,19.12
Marc Michaelis,20-21,L,15,136.22
Marc Staal,20-21,D,56,1030.88
Marc-Edouard Vlasic,20-21,D,51,892.98
Marco Scandella,20-21,D,49,977.47
Marcus Foligno,20-21,L,39,583.53
Marcus Johansson,20-21,L,36,573.7
Marcus Pettersson,20-21,D,47,774.8
Marcus Sorensen,20-21,L,29,350.6
Marian Studenic,20-21,R,8,86.25
Mario Ferraro,20-21,D,56,1255.83
Mark Alt,20-21,D,2,26.97
Mark Borowiecki,20-21,D,22,300.88
Mark Friedman,20-21,D,9,99.42
Mark Giordano,20-21,D,56,1284.65
Mark Jankowski,20-21,C,45,481.38
Mark Pysyk,20-21,D,36,421.58
Mark Scheifele,20-21,C,56,1173.9
Mark Stone,20-21,R,55,1048.35
Markus Nutivaara,20-21,D,30,478.83
Martin Frk,20-21,R,1,9.35
Martin Kaut,20-21,R,5,39.98
Martin Necas,20-21,C,53,916.45
Mason Appleton,20-21,C,56,806.18
Mason Marchment,20-21,L,33,466.32
Mathew Barzal,20-21,C,55,1029.78
Mathias Brome,20-21,L,26,354.85
Mathieu Joseph,20-21,R,56,612.22
Mathieu Olivier,20-21,R,30,327.62
Mathieu Perreault,20-21,C,56,654.77
Mats Zuccarello,20-21,C,42,700.63
Matt Bartkowski,20-21,D,1,13.03
Matt Benning,20-21,D,53,865.4
Matt Calvert,20-21,L,18,248.58
Matt Duchene,20-21,C,34,538.3
Matt Dumba,20-21,D,51,1136.27
Matt Grzelcyk,20-21,D,37,730.52
Matt Irwin,20-21,D,24,390.02
Matt Kiersted,20-21,D,7,106.2
Matt Luff,20-21,R,13,136.28
Matt Martin,20-21,L,54,597.73
Matt Nieto,20-21,L,28,391.93
Matt Roy,20-21,D,44,847.18
Matt Tennyson,20-21,D,21,304.6
Matthew Highmore,20-21,C,42,488.56
Matthew Peca,20-21,C,5,44.45
Matthew Phillips,20-21,R,1,14.32
Matthew Tkachuk,20-21,L,56,1016.75
Mattias Ekholm,20-21,D,48,1097.82
Mattias Janmark,20-21,C,56,957.22
Mattias Samuelsson,20-21,D,12,216.37
Max Comtois,20-21,L,55,849.9
Max Domi,20-21,C,54,821.98
Max Jones,20-21,L,46,651.75
Max McCormick,20-21,L,12,93.83
Max Pacioretty,20-21,L,48,861.08
Michael Amadio,20-21,C,25,312.92
Michael Bunting,20-21,L,21,350.53
Michael Chaput,20-21,C,13,122.23
Michael Dal Colle,20-21,L,26,309.53
Michael Del Zotto,20-21,D,53,947.98
Michael Frolik,20-21,R,8,91.53
Michael McCarron,20-21,R,6,61.75
Michael McLeod,20-21,C,52,718.28
Michael Raffl,20-21,L,44,583.11
Michael Rasmussen,20-21,C,40,591.95
Michael Sgarbossa,20-21,C,5,48.98
Michael Stone,20-21,D,21,337.67
Micheal Haley,20-21,C,4,24.17
Mika Zibanejad,20-21,C,56,1125.62
Mikael Backlund,20-21,C,54,950.1
Mikael Granlund,20-21,C,51,992.38
Mike Hardman,20-21,L,8,87.9
Mike Hoffman,20-21,C,52,783.33
Mike Matheson,20-21,D,44,820.1
Mike Reilly,20-21,D,55,1060.25
Mikey Anderson,20-21,D,54,1143.52
Mikhail Grigorenko,20-21,C,32,440.12
Mikhail Maltsev,20-21,L,33,377.75
Mikhail Sergachev,20-21,D,56,1230.33
Mikko Koivu,20-21,C,7,87.23
Mikko Lehtonen,20-21,D,26,412.9
Mikko Rantanen,20-21,R,52,1035.73
Milan Lucic,20-21,L,56,761.55
Miles Wood,20-21,L,55,823.63
Miro Heiskanen,20-21,D,55,1372.78
Mitch Marner,20-21,C,55,1233.48
Mitchell Stephens,20-21,C,7,66.28
Morgan Barron,20-21,C,5,68.45
Morgan Frost,20-21,C,2,20.47
Morgan Geekie,20-21,C,36,352.33
Morgan Rielly,20-21,D,55,1298.68
Nate Prosser,20-21,D,6,78.32
Nate Schmidt,20-21,D,54,1085.55
Nate Thompson,20-21,C,44,426.15
Nathan Bastian,20-21,R,41,517.45
Nathan Beaulieu,20-21,D,25,417.23
Nathan Gerbe,20-21,C,9,100.03
Nathan MacKinnon,20-21,C,48,977.48
Nathan Walker,20-21,L,8,107.98
Nazem Kadri,20-21,C,56,922.32
Neal Pionk,20-21,D,54,1185.62
Nic Dowd,20-21,C,56,804.73
Nic Petan,20-21,C,7,71.93
Nicholas Merkley,20-21,R,27,310.68
Nicholas Robertson,20-21,L,6,56.57
Nick Bjugstad,20-21,C,44,519.52
Nick Bonino,20-21,C,55,817.07
Nick Caamano,20-21,R,24,224.23
Nick Cousins,20-21,C,52,694.77
Nick Foligno,20-21,L,49,870.65
Nick Holden,20-21,D,17,269.33
Nick Jensen,20-21,D,53,917.27
Nick Leddy,20-21,D,56,1209.05
Nick Paul,20-21,L,56,900.6
Nick Ritchie,20-21,L,56,859.98
Nick Schmaltz,20-21,C,52,886.33
Nick Suzuki,20-21,C,56,1018.08
Nicklas Backstrom,20-21,C,55,1022.7
Nico Hischier,20-21,C,21,388.87
Nico Sturm,20-21,C,50,541.62
Nicolas Aube-Kubel,20-21,R,50,558.67
Nicolas Beaudin,20-21,D,19,261.8
Nicolas Deslauriers,20-21,L,49,554.57
Nicolas Hague,20-21,D,52,831.75
Nicolas Meloche,20-21,D,7,67.13
Nicolas Roy,20-21,C,50,649.93
Nikita Gusev,20-21,L,31,444.91
Nikita Nesterov,20-21,D,38,602.75
Nikita Zadorov,20-21,D,55,1056.2
Nikita Zaitsev,20-21,D,55,1250.02
Niklas Hjalmarsson,20-21,D,41,711.67
Niko Mikkola,20-21,D,30,435.53
Nikolai Knyzhov,20-21,D,56,937.57
Nikolaj Ehlers,20-21,L,47,795.23
Nils Hoglander,20-21,L,56,864.78
Nino Niederreiter,20-21,R,56,880.18
Noah Dobson,20-21,D,46,754.12
Noah Gregor,20-21,C,30,351.73
Noah Hanifin,20-21,D,47,940.57
Noah Juulsen,20-21,D,4,47.87
Noel Acciari,20-21,C,41,631.13
Nolan Foote,20-21,L,6,58.12
Nolan Patrick,20-21,C,52,689.83
Oliver Bjorkstrand,20-21,R,56,986.13
Oliver Ekman-Larsson,20-21,D,46,964.78
Oliver Kylington,20-21,D,8,103.92
Oliver Wahlstrom,20-21,R,44,544.98
Olle Alsing,20-21,D,4,43.32
Olli Juolevi,20-21,D,23,303.82
Olli Maatta,20-21,D,41,673.9
Ondrej Kase,20-21,R,3,25.52
Ondrej Palat,20-21,L,55,960.05
Oskar Lindblom,20-21,L,50,659.08
Oskar Steen,20-21,C,3,40.22
Oskar Sundqvist,20-21,C,28,424.32
Otto Leskinen,20-21,D,1,16.38
Owen Tippett,20-21,R,45,516.65
P.K. Subban,20-21,D,44,983.78
Par Lindholm,20-21,C,1,12.92
Parker Kelly,20-21,C,1,7.53
Patric Hornqvist,20-21,R,44,738.38
Patrice Bergeron,20-21,C,54,983.38
Patrick Brown,20-21,C,4,36.38
Patrick Kane,20-21,R,56,1244.87
Patrick Marleau,20-21,C,56,743.83
Patrick Maroon,20-21,L,55,637.6
Patrick Russell,20-21,R,8,85.12
Patrik Laine,20-21,R,46,802.15
Patrik Nemeth,20-21,D,52,936.57
Paul Byron,20-21,L,46,590.98
Paul Stastny,20-21,C,56,974.9
Pavel Buchnevich,20-21,L,54,1011.08
Pavel Zacha,20-21,C,50,857.75
Peyton Krebs,20-21,C,4,45.73
Phil Kessel,20-21,C,56,956.85
Philipp Kurashev,20-21,C,54,706.22
Philippe Maillet,20-21,C,2,18.3
Philippe Myers,20-21,D,44,830.43
Phillip Danault,20-21,L,53,894.08
Phillip Di Giuseppe,20-21,L,31,343.88
Pierre Engvall,20-21,L,42,501.03
Pierre-Edouard Bellemare,20-21,L,53,600.32
Pierre-Luc Dubois,20-21,L,46,691.49
Pierre-Olivier Joseph,20-21,D,16,268.62
Pius Suter,20-21,C,55,897.32
Quinn Hughes,20-21,D,56,1277.05
Quinton Byfield,20-21,C,6,90.05
Radek Faksa,20-21,C,55,958.68
Radim Simek,20-21,D,40,567.67
Radim Zohorna,20-21,L,8,72.23
Radko Gudas,20-21,D,54,948.53
Rasmus Andersson,20-21,D,56,1188.55
Rasmus Asplund,20-21,C,28,359.93
Rasmus Dahlin,20-21,D,56,1210.05
Rasmus Kupari,20-21,C,7,80.3
Rasmus Ristolainen,20-21,D,49,1090.72
Rasmus Sandin,20-21,D,9,131.95
Reese Johnson,20-21,C,5,39.73
Reilly Smith,20-21,R,53,947.03
Rem Pitlick,20-21,C,10,113.03
Rhett Gardner,20-21,C,28,278.97
Richard Panik,20-21,R,48,593.55
Rickard Rakell,20-21,R,52,926.95
Riley Nash,20-21,C,37,466.07
Riley Sheahan,20-21,C,53,705
Riley Stillman,20-21,D,21,322.65
Robby Fabbri,20-21,C,30,517.65
Robert Bortuzzo,20-21,D,40,566.52
Robert Hagg,20-21,D,34,531.73
Robert Thomas,20-21,C,33,448.9
Rocco Grimaldi,20-21,C,40,512.73
Roman Josi,20-21,D,48,1168.18
Roope Hintz,20-21,L,41,747.25
Ross Colton,20-21,C,30,316.93
Ross Johnston,20-21,L,12,104.85
Rudolfs Balcers,20-21,L,41,603.17
Ryan Carpenter,20-21,C,40,507.65
Ryan Donato,20-21,C,50,630.38
Ryan Dzingel,20-21,C,40,508.3
Ryan Ellis,20-21,D,35,831.85
Ryan Getzlaf,20-21,C,48,795.55
Ryan Graves,20-21,D,54,1029.02
Ryan Hartman,20-21,R,51,768.63
Ryan Johansen,20-21,C,48,813.23
Ryan Lindgren,20-21,D,51,1019.73
Ryan Lomberg,20-21,L,34,330.22
Ryan MacInnis,20-21,C,16,159.58
Ryan McDonagh,20-21,D,50,1094.08
Ryan McLeod,20-21,C,10,127.88
Ryan Murray,20-21,D,48,893.38
Ryan Nugent-Hopkins,20-21,C,52,1080.08
Ryan O'Reilly,20-21,C,56,1161.93
Ryan Pulock,20-21,D,56,1256.67
Ryan Reaves,20-21,R,37,367.38
Ryan Strome,20-21,C,56,1022.83
Ryan Suter,20-21,D,56,1242.28
Sam Bennett,20-21,C,48,691.78
Sam Carrick,20-21,C,13,167.98
Sam Gagner,20-21,C,42,648.52
Sam Lafferty,20-21,C,34,332.38
Sam Reinhart,20-21,C,54,1055.1
Sam Steel,20-21,C,42,609.72
Sami Niku,20-21,D,6,77.8
Sami Vatanen,20-21,D,39,663.38
Sammy Blais,20-21,L,36,434.32
Samuel Girard,20-21,D,48,1114.12
Samuel Morin,20-21,D/L,20,203.83
Scott Harrington,20-21,D,12,196.12
Scott Laughton,20-21,L,53,817.28
Scott Mayfield,20-21,D,56,1090.53
Scott Sabourin,20-21,R,1,4.48
Sean Couturier,20-21,C,45,869.17
Sean Kuraly,20-21,C,47,660.35
Sean Malone,20-21,C,1,10.63
Sean Monahan,20-21,C,50,882.95
Sean Walker,20-21,D,47,853.9
Sebastian Aho,20-21,R,56,1089.88
Sebastian Aho2,20-21,D,3,40.05
Seth Jones,20-21,D,56,1412.72
Shane Pinto,20-21,C,12,150.25
Shayne Gostisbehere,20-21,D,41,817.55
Shea Theodore,20-21,D,53,1194.43
Shea Weber,20-21,D,48,1089.55
Sheldon Dries,20-21,C,3,23.43
Sheldon Rempal,20-21,R,3,24.88
Sidney Crosby,20-21,C,55,1120.88
Simon Benoit,20-21,D,6,103.18
Slater Koekkoek,20-21,D,18,236.95
Sonny Milano,20-21,L,6,88.4
Stefan Matteau,20-21,C,18,194.83
Stefan Noesen,20-21,R,6,57.65
Steven Fogarty,20-21,C,9,105.57
Steven Kampfer,20-21,D,20,334.12
Steven Lorentz,20-21,C,45,469.75
Steven Santini,20-21,D,3,42.02
Steven Stamkos,20-21,C,38,694.05
T.J. Oshie,20-21,R,53,957.37
Tage Thompson,20-21,C,38,527.17
Tanner Jeannot,20-21,L,15,181.95
Tanner Kero,20-21,C,39,413.32
Tanner Laczynski,20-21,C,5,49.88
Tanner Pearson,20-21,L,51,870.63
Tarmo Reunanen,20-21,D,4,53.1
Taro Hirose,20-21,L,6,86.22
Taylor Hall,20-21,L,53,946.55
Teddy Blueger,20-21,C,43,638.38
Teuvo Teravainen,20-21,L,21,345.27
Thomas Chabot,20-21,D,49,1286.98
Thomas Hickey,20-21,D,5,81.3
Tim Stützle,20-21,L,53,833.87
Timo Meier,20-21,R,54,866.52
Timothy Gettinger,20-21,L,2,23.43
Timothy Liljegren,20-21,D,2,30.18
Tj Brodie,20-21,D,56,1207.22
Tobias Bjornfot,20-21,D,33,555.33
Tobias Rieder,20-21,C,44,538.97
Tom Wilson,20-21,R,47,777.3
Tomas Hertl,20-21,C,50,955
Tomas Jurco,20-21,R,8,71.67
Tomas Nosek,20-21,L,38,494
Tomas Tatar,20-21,L,50,748.77
Tony Deangelo,20-21,D,6,110.85
Torey Krug,20-21,D,51,1149.17
Travis Boyd,20-21,C,39,418.37
Travis Dermott,20-21,D,51,674.43
Travis Hamonic,20-21,D,38,735.95
Travis Konecny,20-21,C,50,794.8
Travis Sanheim,20-21,D,55,1203.75
Travis Zajac,20-21,C,46,754.9
Trent Frederic,20-21,C,42,472.03
Trevor Lewis,20-21,C,56,550
Trevor Moore,20-21,C,56,814.03
Trevor Van Riemsdyk,20-21,D,20,340.78
Trevor Zegras,20-21,C,24,369.53
Troy Stecher,20-21,D,44,761.9
Troy Terry,20-21,C,48,705.55
Tucker Poolman,20-21,D,39,713.97
Ty Dellandrea,20-21,C,26,324.63
Ty Smith,20-21,D,48,965.9
Tyce Thompson,20-21,R,7,61.05
Tyler Bertuzzi,20-21,L,9,176.23
Tyler Bozak,20-21,C,31,462.3
Tyler Ennis,20-21,C,30,363.38
Tyler Graovac,20-21,C,14,136.15
Tyler Johnson,20-21,C,55,751.5
Tyler Lewington,20-21,D,2,28.33
Tyler Motte,20-21,C,24,383.97
Tyler Myers,20-21,D,55,1213.97
Tyler Pitlick,20-21,C,38,620.85
Tyler Seguin,20-21,C,3,50.82
Tyler Toffoli,20-21,C,52,910.42
Tyson Barrie,20-21,D,56,1198.08
Tyson Jost,20-21,C,54,762.05
Urho Vaakanainen,20-21,D,9,170.25
Valeri Nichushkin,20-21,R,55,773.88
Valtteri Filppula,20-21,C,38,592.63
Victor Hedman,20-21,D,54,1352.3
Victor Mete,20-21,D,28,442.37
Victor Olofsson,20-21,R,56,973.98
Victor Rask,20-21,C,54,780.23
Victor Soderstrom,20-21,D,4,65.23
Viktor Arvidsson,20-21,L,50,828.23
Ville Heinola,20-21,D,5,75.73
Vince Dunn,20-21,D,43,827.72
Vincent Trocheck,20-21,C,47,856.62
Vinni Lettieri,20-21,C,5,63.53
Vinnie Hinostroza,20-21,C,26,319.03
Vitali Kravtsov,20-21,R,20,247.37
Vitaly Abramov,20-21,R,2,19.43
Vladimir Tarasenko,20-21,R,24,418.08
Vladislav Gavrikov,20-21,D,55,1066.98
Vladislav Namestnikov,20-21,C,53,856.4
Wade Allison,20-21,R,14,181.05
Warren Foegele,20-21,L,53,750.17
Wayne Simmonds,20-21,R,38,455.45
Will Butcher,20-21,D,23,437.73
William Borgen,20-21,D,10,162.63
William Carrier,20-21,L,52,540.53
William Karlsson,20-21,C,56,1045.33
William Lagesson,20-21,D,19,268.32
William Lockwood,20-21,R,2,28.38
William Nylander,20-21,C,51,846.45
Wyatt Kalynuk,20-21,D,21,341.08
Xavier Ouellet,20-21,D,6,86.43
Yakov Trenin,20-21,C,45,519.77
Yanni Gourde,20-21,C,56,955.75
Yannick Weber,20-21,D,2,22.63
Yegor Sharangovich,20-21,C,54,907.6
Zac Dalpe,20-21,C,12,127.48
Zac Jones,20-21,D,10,149.83
Zac Rinaldo,20-21,C,4,23.35
Zach Aston-Reese,20-21,C,45,657.55
Zach Bogosian,20-21,D,45,654.17
Zach Hyman,20-21,C,43,832.65
Zach Parise,20-21,L,45,627.25
Zach Sanford,20-21,L,52,774.13
Zach Senyshyn,20-21,R,8,80.88
Zach Werenski,20-21,D,35,852.22
Zach Whitecloud,20-21,D,51,907.22
Zack Kassian,20-21,R,27,319.62
Zack MacEwen,20-21,C,34,293.67
Zdeno Chara,20-21,D,55,1006.27
